,Parameter,Coefficient,SE,CI,CI_low,CI_high,t,df_error,p,Effects,Group
1,(Intercept),28.1489817602379,3.2112299046902,0.95,21.8534424624669,34.444521058009,8.76579460073057,4634,2.56232516124116e-18,fixed,
2,MicrobiomeSPF,2.37964984685931,4.8344204710782,0.95,-7.09811567007514,11.8574153637938,0.492230632626084,4634,0.622579629491118,fixed,
3,GenotypeWT,4.51367533673436,4.84365903190565,0.95,-4.98220215737715,14.0095528308459,0.931873054441353,4634,0.3514506809685,fixed,
4,MicrobiomeSPF:GenotypeWT,17.749978950774,7.61580970092233,0.95,2.8193664815532,32.6805914199948,2.33067522007862,4634,0.0198131840482338,fixed,
5,SD (Intercept),13.4437128930003,NA,0.95,NA,NA,NA,NA,NA,random,Subject
6,SD (Observations),1.94517278043183,NA,0.95,NA,NA,NA,NA,NA,random,Residual
