,Parameter,Coefficient,SE,CI,CI_low,CI_high,t,df_error,p,Effects,Group
1,(Intercept),0.761695477698576,0.0675272362278632,0.95,0.629309948801543,0.894081006595609,11.2798260412779,4634,3.94481014905075e-29,fixed,
2,MicrobiomeSPF,0.230010090862887,0.101421229937898,0.95,0.0311761992845436,0.428843982441231,2.26786927158867,4634,0.0233830135511031,fixed,
3,GenotypeWT,0.0964430756878759,0.101380511972233,0.95,-0.10231098929425,0.295197140670001,0.951297974449865,4634,0.34150274780081,fixed,
4,MicrobiomeSPF:GenotypeWT,-0.413569894109014,0.152653359227104,0.95,-0.712843147807648,-0.114296640410379,-2.70920925817126,4634,0.00676917934199232,fixed,
5,SD (Intercept),0.0855424172700988,NA,0.95,NA,NA,NA,NA,NA,random,Subject
6,SD (Observations),0.455397254096071,NA,0.95,NA,NA,NA,NA,NA,random,Residual
