,WT_SPF,ASO_SPF,WT_GF,ASO_GF,KruskalWallis p-val,KruskalWallis statistic
WT_SPF,1.0,0.03657430006170912,0.19407175023122658,0.021262552937846246,7.4878092454687e-05,21.712041450320694
ASO_SPF,0.03657430006170912,1.0,0.0005632752155609006,1.1725248089165929e-05,7.4878092454687e-05,21.712041450320694
WT_GF,0.19407175023122658,0.0005632752155609006,1.0,0.19407175023122658,7.4878092454687e-05,21.712041450320694
ASO_GF,0.021262552937846246,1.1725248089165929e-05,0.19407175023122658,1.0,7.4878092454687e-05,21.712041450320694
