,WT_SPF,ASO_SPF,WT_GF,ASO_GF,KruskalWallis p-val,KruskalWallis statistic
WT_SPF,1.0,0.0014404868470036683,0.11463610043896094,0.0031735834847504718,0.000944128262961111,16.38789593459405
ASO_SPF,0.0014404868470036683,1.0,0.05605184274771391,0.7061739010123803,0.000944128262961111,16.38789593459405
WT_GF,0.11463610043896094,0.05605184274771391,1.0,0.11179567443367963,0.000944128262961111,16.38789593459405
ASO_GF,0.0031735834847504718,0.7061739010123803,0.11179567443367963,1.0,0.000944128262961111,16.38789593459405
