,WT_V,ASO_V,WT_A,ASO_A,KruskalWallis p-val,KruskalWallis statistic
WT_V,1.0,0.25801695672161956,0.9572368952605075,4.491809566834694e-06,6.576925544291916e-06,26.77051690871532
ASO_V,0.25801695672161956,1.0,0.25801695672161956,0.0006609050262229495,6.576925544291916e-06,26.77051690871532
WT_A,0.9572368952605075,0.25801695672161956,1.0,5.234028519693407e-06,6.576925544291916e-06,26.77051690871532
ASO_A,4.491809566834694e-06,0.0006609050262229495,5.234028519693407e-06,1.0,6.576925544291916e-06,26.77051690871532
