,WT_V,ASO_V,WT_A,ASO_A,KruskalWallis p-val,KruskalWallis statistic
WT_V,1.0,0.4206384756397036,0.4206384756397036,0.4206384756397036,0.2779987422976222,3.851093774278633
ASO_V,0.4206384756397036,1.0,0.8100811459721121,0.8100811459721121,0.2779987422976222,3.851093774278633
WT_A,0.4206384756397036,0.8100811459721121,1.0,0.8100811459721121,0.2779987422976222,3.851093774278633
ASO_A,0.4206384756397036,0.8100811459721121,0.8100811459721121,1.0,0.2779987422976222,3.851093774278633
