,WT_V,ASO_V,WT_NAC,ASO_NAC,KruskalWallis p-val,KruskalWallis statistic
WT_V,1.0,2.2079700494538418e-16,0.21102042120850656,9.64166401087336e-07,6.769655561584398e-16,73.73328757866594
ASO_V,2.2079700494538418e-16,1.0,9.145915009949171e-21,6.450803752146337e-06,6.769655561584398e-16,73.73328757866594
WT_NAC,0.21102042120850656,9.145915009949171e-21,1.0,4.554415073526485e-10,6.769655561584398e-16,73.73328757866594
ASO_NAC,9.64166401087336e-07,6.450803752146337e-06,4.554415073526485e-10,1.0,6.769655561584398e-16,73.73328757866594
