,WT_V,ASO_V,WT_NAC,ASO_NAC,KruskalWallis p-val,KruskalWallis statistic
WT_V,1.0,0.0019208103743591414,0.7305272559860991,0.017134264770641085,0.0009179818331268663,16.44730742087835
ASO_V,0.0019208103743591414,1.0,0.0009040971585288274,0.2809466980425877,0.0009179818331268663,16.44730742087835
WT_NAC,0.7305272559860991,0.0009040971585288274,1.0,0.0068356069860736595,0.0009179818331268663,16.44730742087835
ASO_NAC,0.017134264770641085,0.2809466980425877,0.0068356069860736595,1.0,0.0009179818331268663,16.44730742087835
